"Source:","/var/home/chrisg/Documents/grootvoet/Hardware/Kleinvoet/kleinvoet.kicad_sch"
"Date:","Wed 10 May 2023 07:49:05"
"Tool:","Eeschema 7.0.2"
"Generator:","/app/share/kicad/plugins/bom_csv_grouped_by_value.py"
"Component Count:","538"

"Collated Components:"

"Item","Qty","Reference(s)","Value","LibPart","Footprint","Datasheet","DNP","MPN","Mfr.","Notes"
"1","29","C101, C103, C107, C202, C205, C206, C303, C304, C306, C401, C402, C403, C404, C409, C411, C416, C417, C903, C904, C907, C908, C909, C910, C1001, C1002, C1005, C1206, C1207, C1211","10u","Device:C_Small","Capacitor_SMD:C_0402_1005Metric","~","","GRM155R60J106ME05D","Murata","Low ESR (< 1 Ohm)"
"2","2","C102, C104","15p","Device:C_Small","Capacitor_SMD:C_0402_1005Metric","~","","GRM1555C1H150GA01D","Murata","C0G - High freq."
"3","2","C105, C106","4p","Device:C_Small","Capacitor_SMD:C_0402_1005Metric","~","","GJM1555C1H4R0BB01D","Murata","C0G"
"4","47","C201, C204, C301, C302, C305, C705, C712, C805, C812, C901, C902, C905, C906, C911, C1003, C1004, C1006, C1007, C1008, C1009, C1202, C1203, C1204, C1205, C1208, C1209, C1210, C1307, C1401, C1402, C1501, C1503, C1504, C1505, C1506, C1507, C1508, C1605, C1801, C1802, C1803, C1804, C1805, C1806, C1807, C1808, C1907","1u","Device:C_Small","Capacitor_SMD:C_0402_1005Metric","~","","C0402C105K9PACTU","KEMET","Low ESR (X7R)"
"5","5","C203, C706, C707, C806, C807","3.9n","Device:C_Small","Capacitor_SMD:C_0402_1005Metric","~","","GRM1555C1H392GE01D","Murata",""
"6","73","C405, C406, C407, C408, C410, C412, C415, C708, C808, CB101, CB102, CB103, CB104, CB105, CB106, CB107, CB108, CB201, CB401, CB901, CB903, CB904, CB906, CB907, CB1001, CB1002, CB1003, CB1201, CB1202, CB1203, CB1204, CB1205, CB1301, CB1302, CB1303, CB1304, CB1305, CB1306, CB1307, CB1308, CB1309, CB1310, CB1401, CB1402, CB1403, CB1404, CB1405, CB1406, CB1407, CB1408, CB1409, CB1410, CB1502, CB1601, CB1602, CB1603, CB1604, CB1605, CB1606, CB1607, CB1608, CB1609, CB1610, CB1801, CB1802, CB1803, CB1804, CB1805, CB1806, CB1807, CB1808, CB1901, CB1902","100n","Device:C_Small","Capacitor_SMD:C_0402_1005Metric","~","","C0402C104K8PACTU","KEMET","Low ESR (X7R)"
"7","1","C413","5.6n","Device:C_Small","Capacitor_SMD:C_0402_1005Metric","~","","GRM1555C1H562JE01D","Murata","NP0"
"8","1","C414","390p","Device:C_Small","Capacitor_SMD:C_0402_1005Metric","~","","GRM1555C1H391JA01D","Murata",""
"9","24","C501, C502, C601, C602, C701, C702, C801, C802, C1101, C1102, C1305, C1306, C1308, C1309, C1502, C1606, C1607, C1610, C1611, C1612, C1615, C1616, C1901, C1903","220p","Device:C_Small","Capacitor_SMD:C_0402_1005Metric","~","","GRT1555C1H221FA02D","Murata",""
"10","2","C703, C803","27n","Device:C_Small","Capacitor_SMD:C_0805_2012Metric","~","","GRM2165C1H273JA01D","Murata",""
"11","5","C709, C711, C809, C811, CB902","10n","Device:C_Small","Capacitor_SMD:C_0402_1005Metric","~","","GRM1555CYA103GE01D","Murata","Low ESR (X7R)"
"12","2","C710, C810","100n","Device:C_Small","Capacitor_SMD:C_1206_3216Metric","~","","GRM3195C1H104JA05D","Murata",""
"13","5","C912, C1603, C1604, C1905, C1906","2.7n","Device:C_Small","Capacitor_SMD:C_0402_1005Metric","~","","GRM1555C1H272GE01D","Murata",""
"14","1","C1201","220n","Device:C_Small","Capacitor_SMD:C_0402_1005Metric_Pad0.74x0.62mm_HandSolder","~","DNP","GRT155R71A224KE01D","Murata",""
"15","8","C1301, C1302, C1303, C1304, C1608, C1609, C1613, C1614","> 22u","Device:C_Small","Capacitor_Tantalum_SMD:CP_EIA-1608-10_AVX-L","~","","F980G107MMAAH1","KYOCERA AVX","(Tantalum, actual =100u))"
"16","2","C1601, C1902","18n","Device:C_Small","Capacitor_SMD:C_0805_2012Metric","~","","GRM21B5C1H183JA01K","Murata",""
"17","2","D103, D303","BLUE","Device:LED_Small","LED_SMD:LED_0603_1608Metric","~","","SMLD12BN1WT86","ROHM Semiconductor",""
"18","2","D104, D305","ORANGE","Device:LED_Small","LED_SMD:LED_0603_1608Metric","~","","SML-D12D8WT86C","ROHM Semiconductor",""
"19","1","D301","Vf low","Device:D_Schottky_Small","Diode_SMD:D_SOD-523","~","","RB520S30T1G","onsemi",""
"20","1","D302","PWR_RED","Device:LED_Small","LED_SMD:LED_0603_1608Metric","~","","SML-D12U8WT86C","ROHM Semiconductor",""
"21","1","D304","GREEN","Device:LED_Small","LED_SMD:LED_0603_1608Metric","~","","SMLD12EN1WT86","ROHM Semiconductor",""
"22","1","D901","PWR_VBUS","Device:LED_Small","LED_SMD:LED_0603_1608Metric","~","","SML-D12U8WT86C","ROHM Semiconductor",""
"23","1","D902","CHG_ORANGE","Device:LED_Small","LED_SMD:LED_0603_1608Metric","~","","SML-D12D8WT86C","ROHM Semiconductor",""
"24","1","D903","PWR_AVCC","Device:LED_Small","LED_SMD:LED_0603_1608Metric","~","","SML-D12U8WT86C","ROHM Semiconductor",""
"25","1","D904","PWR_DVCC","Device:LED_Small","LED_SMD:LED_0603_1608Metric","~","","SML-D12U8WT86C","ROHM Semiconductor",""
"26","2","D1001, D1201","RED","Device:LED_Small","LED_SMD:LED_0603_1608Metric","~","","SML-D12U8WT86C","ROHM Semiconductor",""
"27","1","F901","400mA","Device:Fuse_Small","Fuse:Fuse_0603_1608Metric_Pad1.05x0.95mm_HandSolder","~","","0ZCM0020FF2G","Bel Fuse",""
"28","12","FB101, FB102, FB201, FB301, FB302, FB303, FB304, FB305, FB901, FB903, FB1001, FB1201","100@100MHz","Device:FerriteBead_Small","Inductor_SMD:L_0402_1005Metric","~","","BLM15HD102SN1D","Murata",""
"29","8","FB501, FB502, FB601, FB602, FB1101, FB1102, FB1601, FB1602","1k@100MHz","Device:FerriteBead_Small","Inductor_SMD:L_0402_1005Metric","~","","BLM15AX102SZ1D","Murata",""
"30","10","H201, H202, H301, H302, H303, H304, H1001, H1002, H1201, H1202","MountingHole_Pad","Mechanical:MountingHole_Pad","MountingHole:MountingHole_3.2mm_M3_Pad_Via","~","","","",""
"31","1","J201","JST-PH","Connector_Generic:Conn_01x02","grootvoet:JST_PH_S2B-PH-SM4-TB_1x02-1MP_P2.00mm_Horizontal","~","","1769","Adafruit",""
"32","1","J204","Micro_SD_Card_Det2","Connector:Micro_SD_Card_Det2","grootvoet:microSD_HC_Molex_5031821852","https://www.hirose.com/en/product/document?clcode=&productname=&series=DM3&documenttype=Catalog&lang=en&documentid=D49662_en","","503182-1852","Molex",""
"33","1","J205","LORA_Conn","Connector_Generic:Conn_01x08","grootvoet:Connector_Amphenol_10114828-xxx08LF_Vertical","~","DNP","10114828-11108LF","Amphenol",""
"34","1","J206","USB_C_Receptacle_USB2.0","kleinvoet-rescue:USB_C_Receptacle_USB2.0-Connector","grootvoet:USB_C_Recepetacle_JAE_DX07S016JA1","https://www.usb.org/sites/default/files/documents/usb_type-c.zip","","DX07S016JA1R1500","JAE Electronics",""
"35","1","J207","EPD_Conn","Connector_Generic:Conn_01x08","grootvoet:Connector_Amphenol_10114828-xxx08LF_Vertical","~","DNP","10114828-11108LF","Amphenol",""
"36","1","J208","EPD_wire_housing","Connector_Generic:Conn_01x08","","~","DNP","10114826-00008LF","Amphenol",""
"37","16","J209, J210, J211, J212, J213, J214, J215, J216, J218, J219, J220, J221, J222, J223, J224, J225","Connector_wire_terminal","Connector:Conn_01x01_Pin","","~","DNP","10114827-002LF","Amphenol",""
"38","1","J217","LORA_wire_housing","Connector_Generic:Conn_01x08","","~","DNP","10114826-00008LF","Amphenol",""
"39","1","J301","GNSS_MAINBOARD_CONN","Connector_Generic:Conn_01x08","grootvoet:Connector_Amphenol_10114828-xxx08LF_Vertical","~","","10114828-11108LF","Amphenol",""
"40","1","J302","GNSS_MODULE_BOARD_CONNECTOR","Connector_Generic:Conn_01x08","grootvoet:Connector_Amphenol_10114828-xxx08LF_Vertical","~","","10114828-11108LF","Amphenol",""
"41","2","J304, J313","GNSS_wire_housing","Connector_Generic:Conn_01x08","","~","","10114826-00008LF","Amphenol",""
"42","32","J305, J306, J307, J308, J309, J310, J311, J312, J314, J315, J316, J317, J318, J319, J320, J321, J503, J504, J505, J506, J603, J604, J605, J606, J1103, J1104, J1105, J1106, J1603, J1604, J1605, J1606","Connector_wire_terminal","Connector:Conn_01x01_Pin","","~","","10114827-002LF","Amphenol",""
"43","4","J501, J601, J1101, J1601","Sensor_conn","Connector_Generic:Conn_01x04","grootvoet:Connector_Amphenol_10114828-xxx04LF_Vertical","~","","10114828-11104LF","Amphenol",""
"44","4","J502, J602, J1102, J1602","Sensor_wire_housing","Connector_Generic:Conn_01x04","","~","","10114826-00004LF","Amphenol",""
"45","1","JP1","GNSS_CONN_~{RESET}_SEL","Jumper:SolderJumper_2_Open","Jumper:SolderJumper-2_P1.3mm_Open_RoundedPad1.0x1.5mm","~","","","",""
"46","1","JP2","GNSS_CONN_EXT_INT_SEL","Jumper:SolderJumper_2_Open","Jumper:SolderJumper-2_P1.3mm_Open_RoundedPad1.0x1.5mm","~","","","",""
"47","1","JP101","Boot_sel","Jumper:SolderJumper_2_Bridged","Jumper:SolderJumper-2_P1.3mm_Bridged_RoundedPad1.0x1.5mm","~","","","",""
"48","1","JP401","ADDR1","Jumper:SolderJumper_3_Bridged12","Jumper:SolderJumper-3_P1.3mm_Bridged12_RoundedPad1.0x1.5mm_NumberLabels","~","","","",""
"49","2","JP402, JP1401","ADDR0","Jumper:SolderJumper_3_Bridged12","Jumper:SolderJumper-3_P1.3mm_Bridged12_RoundedPad1.0x1.5mm_NumberLabels","~","","","",""
"50","16","MK1401, MK1402, MK1403, MK1404, MK1405, MK1406, MK1407, MK1408, MK1801, MK1802, MK1803, MK1804, MK1805, MK1806, MK1807, MK1808","MIC_ICS_40300","grootvoet:MIC_ICS_40300","grootvoet:MEMS_Mic_ICS-40300","https://www.mouser.co.za/ProductDetail/TDK-InvenSense/ICS-40300?qs=%2Fha2pyFadujzJsvx64xsUNdAo4Ph4hwqMvEiGbKRLds%3D","","ICS-40300","TDK InvenSense",""
"51","22","R101, R201, R202, R203, R204, R205, R401, R402, R410, R412, R909, R1201, R1316, R1317, R1326, R1327, R1401, R1402, R1621, R1622, R1628, R1633","10k","Device:R_Small","Resistor_SMD:R_0402_1005Metric","~","","RT0402FRE1310KL","Yageo",""
"52","2","R102, R103","2.2k","Device:R_Small","Resistor_SMD:R_0402_1005Metric","~","DNP","RT0402FRE072K2L","Yageo",""
"53","5","R104, R705, R706, R805, R806","360E","Device:R_Small","Resistor_SMD:R_0402_1005Metric","~","","RT0402FRE07360RL","Yageo",""
"54","13","R105, R107, R302, R303, R304, R305, R403, R905, R908, R918, R919, R1002, R1204","2.2k","Device:R_Small","Resistor_SMD:R_0402_1005Metric","~","","RT0402FRE072K2L","Yageo",""
"55","6","R106, R406, R709, R710, R809, R810","47E","Device:R_Small","Resistor_SMD:R_0402_1005Metric","~","","RT0402FRE0747RL","Yageo",""
"56","32","R108, R414, R901, R903, R1304, R1305, R1306, R1307, R1308, R1309, R1310, R1311, R1318, R1319, R1328, R1329, R1514, R1605, R1606, R1609, R1610, R1611, R1612, R1613, R1614, R1615, R1616, R1624, R1629, R1634, R1905, R1906","1k","Device:R_Small","Resistor_SMD:R_0402_1005Metric","~","","RT0402FRE071KL","Yageo",""
"57","7","R206, R210, R211, R913, R914, R915, R916","470k","Device:R_Small","Resistor_SMD:R_0603_1608Metric","~","","RC0603FR-07470KL","Yageo",""
"58","20","R207, R405, R409, R411, R707, R708, R807, R808, R1320, R1321, R1330, R1331, R1607, R1608, R1623, R1625, R1630, R1635, R1907, R1908","14.7E","Device:R_Small","Resistor_SMD:R_0402_1005Metric","~","","RT0603FRE0714R7L","Yageo",""
"59","2","R208, R209","5.1k","Device:R_Small","Resistor_SMD:R_0603_1608Metric","~","","AC0603FR-135K1L","Yageo",""
"60","21","R404, R407, R408, R413, R904, R906, R907, R910, R911, R912, R917, R920, R921, R1001, R1003, R1202, R1203, R1301, R1302, R1303, R1403","100k","Device:R_Small","Resistor_SMD:R_0402_1005Metric","~","","RT0402FRE07100KL","Yageo",""
"61","5","R701, R702, R801, R802, R902","310E","Device:R_Small","Resistor_SMD:R_0402_1005Metric","~","","RT0402FRE07309RL","Yageo",""
"62","24","R703, R704, R803, R804, R1312, R1313, R1314, R1315, R1322, R1323, R1324, R1325, R1603, R1604, R1617, R1618, R1619, R1620, R1626, R1627, R1631, R1632, R1903, R1904","330E","Device:R_Small","Resistor_SMD:R_0402_1005Metric","~","","RT0402FRE07330RL","Yageo",""
"63","4","R1601, R1602, R1901, R1902","270","Device:R_Small","Resistor_SMD:R_0402_1005Metric","~","","RT0402FRE07270RL","Yageo",""
"64","1","SW101","RESET","Switch:SW_Push","Button_Switch_SMD:SW_Tactile_SPST_NO_Straight_CK_PTS636Sx25SMTRLFS","~","","PTS636Sx25SMTRLFS","C&K",""
"65","1","SW102","USER","Switch:SW_Push","Button_Switch_SMD:SW_Tactile_SPST_NO_Straight_CK_PTS636Sx25SMTRLFS","~","","PTS636Sx25SMTRLFS","C&K",""
"66","1","SW901","DP3T","Switch:SW_DP3T","grootvoet:SW_DP3T_Nidec-Cobal_CL-SB-23A","~","","CL-SB-23A-11T","Nidec Copal",""
"67","1","TP406","SDA","Connector:TestPoint","TestPoint:TestPoint_Pad_D1.0mm","~","","","",""
"68","1","TP407","SCL","Connector:TestPoint","TestPoint:TestPoint_Pad_D1.0mm","~","","","",""
"69","3","TP902, TP903, TP904","VIN","Connector:TestPoint","TestPoint:TestPoint_Pad_D1.0mm","~","","","",""
"70","2","TP1001, TP1201","TestPoint","Connector:TestPoint","TestPoint:TestPoint_Pad_D1.0mm","~","","","",""
"71","1","U101","STM32F446RETx","MCU_ST_STM32F4:STM32F446RETx","Package_QFP:LQFP-64_10x10mm_P0.5mm","http://www.st.com/st-web-ui/static/active/en/resource/technical/document/datasheet/DM00141306.pdf","","STM32F446RCT6","STMicroelectronics",""
"72","1","U201","USBLC6-2SC6","Power_Protection:USBLC6-2SC6","grootvoet:SOT-666_Handsoldering","https://www.st.com/resource/en/datasheet/usblc6-2.pdf","","USBLC6-2P6","STMicroelectronics",""
"73","1","U301","SAM-M8Q","RF_GPS:SAM-M8Q","grootvoet:ublox_SAM-M8Q","https://www.u-blox.com/sites/default/files/SAM-M8Q_DataSheet_%28UBX-16012619%29.pdf","","SAM-M8Q","U-BLOX",""
"74","1","U401","ADAU1978","grootvoet:ADAU1978","grootvoet:LFCSP-WQ-40-1EP_6x6mm_P0.5_CP-40-14","","","ADAU1978WBCPZ-RL","Analog Devices",""
"75","1","U402","TLV333","grootvoet:TLV333","grootvoet:Texas_R-PDSO-G5_DCK-5","https://www.ti.com/lit/ds/symlink/tlv333.pdf","","TLV333IDCKR","Texas Instruments",""
"76","4","U701, U801, U1701, U1901","THS4551xRGT","grootvoet:THS4551xRGT","grootvoet:VQFN-16-1EP_3x3mm_P0.5mm_EP1.68x1.68mm_ThermalVias","https://www.ti.com/lit/ds/symlink/ths4551.pdf","","THS4551IRGTR","Texas Instruments",""
"77","1","U901","BQ24075","Battery_Management:BQ24075RGT","grootvoet:VQFN-16-1EP_3x3mm_P0.5mm_EP1.68x1.68mm_ThermalVias","http://www.ti.com/lit/ds/symlink/bq24075.pdf","","BQ24075TRGTR","Texas Instruments",""
"78","1","U902","TPS7A0533PDBV","Regulator_Linear:TPS7A0533PDBV","Package_TO_SOT_SMD:SOT-23-5","https://www.ti.com/lit/ds/symlink/tps7a05.pdf","","TPS7A0533PDBVR","Texas Instruments",""
"79","3","U903, U1002, U1203","LP5907MFX-3.3","Regulator_Linear:LP5907MFX-3.3","Package_TO_SOT_SMD:SOT-23-5","http://www.ti.com/lit/ds/symlink/lp5907.pdf","","LP5907MFX-3.3/NOPB","Texas Instruments",""
"80","1","U904","TPS22917DBV","Power_Management:TPS22917DBV","Package_TO_SOT_SMD:SOT-23-6","http://www.ti.com/lit/ds/symlink/tps22917.pdf","","TPS22917DBVR","Texas Instruments",""
"81","2","U1001, U1202","LP5907MFX-1.8","Regulator_Linear:LP5907MFX-1.8","Package_TO_SOT_SMD:SOT-23-5","http://www.ti.com/lit/ds/symlink/lp5907.pdf","","LP5907MFX-1.8/NOPB","Texas Instruments",""
"82","1","U1301","23LC1024-I/SN","grootvoet:SRAM_23LC1024","Package_SO:SOIC-8_3.9x4.9mm_P1.27mm","https://www.microchip.com/en-us/product/23LC1024","","23LC1024-I/SN","Microchip Technology",""
"83","2","U1302, U1601","OPA1664","grootvoet:OPA1664","grootvoet:Texas_PW_R-PDSO-G14","https://www.ti.com/lit/ds/symlink/opa1664.pdf","","OPA1664AIPWR","Texas Instruments",""
"84","1","X401","12.288MHz","Oscillator:ASCO","grootvoet:ECS-TXO-3225MV","https://abracon.com/Oscillators/ASCO.pdf","","ECS-TXO-3225MV-122.8-TR","ECS",""
"85","1","Y101","12 MHz","Device:Crystal_GND24","grootvoet:ECS-33B","https://www.mouser.co.za/datasheet/2/122/ECS-33B-1649459.pdf","","ECS-120-12-33-AEN-TR","ECS",""
"86","1","Y102","32.768 kHz","Device:Crystal","grootvoet:ECX-31B","~","","ECS-.327-7-34B-TR","ECS",""
